Name;Rank;Abilities;Goal;Backstory
John_Doe;Manager;Leadership, Decision-making;Increase team productivity by 20%;John has years of experience in managing teams and driving project success.
Jane_Smith;Researcher;Analytical, Detail-oriented;Publish 3 research papers this year;Jane is passionate about uncovering new discoveries and advancing scientific knowledge.
Mike_Brown;Developer;Programming, Problem-solving;Create a new software feature;Mike loves coding and turning ideas into functional software solutions.
Sarah_Jones;Designer;Creativity, Visualization;Revamp the company website;Sarah has a keen eye for design and loves creating visually appealing layouts.
Alex_Bravo;Specialist;Technical expertise, Strategic planning;Implement a new technology system;Alex has a strong background in technology and thrives on finding innovative solutions.
Ryan_Cruz;Coordinator;Organizational skills, Team collaboration;Plan and execute a successful company event;Ryan enjoys bringing people together and ensuring all details are meticulously organized.
Ava_Knight;Consultant;Communication, Problem-solving;Increase client satisfaction by 30%;Ava has a knack for connecting with others and finding solutions to complex issues.
Leo_Stark;Engineer;Problem-solving, Project management;Complete a major infrastructure project ahead of schedule;Leo is known for his engineering prowess and ability to deliver projects efficiently.
Grace_Wolf;Analyst;Data analysis, Critical thinking;Improve company profit margins by 10%;Grace loves diving into data to uncover insights that drive business success.
Sam_Frost;Trainer;Instructional design, Motivational coaching;Train new employees and increase retention rates;Sam is passionate about helping others grow and develop their skills.
Nina_Silver;Marketing Specialist;Social media management, Advertising;Launch a successful marketing campaign that reaches a wide audience;Nina thrives on creating engaging content and connecting with consumers.
Eli_Hunter;Sales Representative;Negotiation, Relationship-building;Exceed monthly sales targets by 20%;Eli is a natural salesperson with a talent for closing deals and building lasting client relationships.
Mia_Lane;HR Manager;Recruitment, Conflict resolution;Implement a diversity and inclusion initiative in the workplace;Mia is dedicated to creating a positive and inclusive work environment for all employees.
Max_Sullivan;Financial Analyst;Forecasting, Financial modeling;Increase company profits by 15%;Max has a strong analytical mind and a passion for finding ways to improve financial performance.
Luna_Parker;Graphic Designer;Creative design, Branding;Redesign the company logo and branding materials;Luna brings a fresh perspective to graphic design and is dedicated to creating visually stunning visuals.
Owen_Rivers;Project Manager;Time management, Resource allocation;Deliver a major project on time and within budget;Owen is a seasoned project manager with a track record of successful project completions.
Zoe_Knightly;Event Planner;Logistics coordination, Vendor management;Plan and execute a successful corporate event;Zoe loves the thrill of event planning and ensuring every detail is perfectly executed.
Lucas_Stone;Legal Counsel;Legal research, Contract negotiation;Ensure legal compliance and protect company interests;Lucas is a skilled attorney with a keen eye for detail and a dedication to upholding the law.
Aria_Wilde;Content Creator;Writing, Editing;Increase website traffic through engaging content;Aria is a talented writer who loves crafting stories and engaging content that captivates audiences.
Ethan_Marshall;IT Specialist;Technical support, Network administration;Upgrade company systems for improved efficiency;Ethan is a tech-savvy professional who is always on the cutting-edge of technology trends.
Sienna_Nova;Communications Manager;Public relations, Crisis management;Enhance company reputation and media presence;Sienna is a strategic communicator with a talent for building positive relationships with the public.
Kai_Blackwell;Operations Director;Strategic planning, Process optimization;Streamline operations to reduce costs and improve efficiency;Kai is a dynamic leader with a knack for identifying opportunities for improvement and driving change.
Maya_Ramsey;Customer Success Manager;Client relationship management, Problem-solving;Increase customer retention rates by 20%;Maya excels at building strong relationships with clients and finding solutions to their challenges.
Phoenix_Storm;Cybersecurity Specialist;Risk assessment, Data protection;Enhance cybersecurity measures to prevent data breaches;Phoenix is a tech genius with a passion for keeping sensitive information safe from cyber threats.
Lila_Rosewood;Fashion Stylist;Trend forecasting, Personal styling;Revamp employee dress code to reflect company culture;Lila has a keen eye for fashion and brings a touch of style to everything she does.
Jaxon_Frost;Supply Chain Manager;Inventory management, Logistics coordination;Optimize supply chain processes for improved efficiency;Jaxon is a seasoned professional with a talent for streamlining operations and reducing costs.
Nova_Harper;Environmental Sustainability Coordinator;Green initiatives, Waste reduction;Implement eco-friendly practices to reduce carbon footprint;Nova is a passionate advocate for sustainability and protecting the environment.
Caleb_Wilder;Product Development Manager;Market research, Product innovation;Launch a new product line that meets customer needs;Caleb has a creative mind and a knack for developing products that resonate with consumers.
Athena_Ryder;Public Relations Specialist;Media relations, Crisis communication;Enhance company reputation through effective PR strategies;Athena is a skilled communicator who excels at managing public perceptions and building brand trust.
Finn_Moon;Creative Director;Art direction, Brand identity;Revitalize company branding and visual aesthetics;Finn is a visionary designer with a talent for creating captivating visuals that tell a story.
Aurora_Stone;Corporate Wellness Coordinator;Employee well-being programs, Health promotion;Improve employee morale and reduce stress in the workplace;Aurora is a wellness enthusiast who believes in promoting a healthy work-life balance for all employees.
Ryder_Jett;Logistics Coordinator;Supply chain management, Transportation logistics;Optimize shipping and distribution processes for cost savings;Ryder is a logistics expert who ensures products reach their destination on time and within budget.
Sage_Blackwell;Business Development Manager;Strategic partnerships, Revenue growth;Identify new business opportunities to expand company reach;Sage is a savvy strategist with a talent for forging strong partnerships and driving revenue growth.
Violet_Skye;Digital Marketing Specialist;SEO, Social media management;Increase online presence and drive website traffic;Violet is a data-driven marketer who excels at leveraging digital channels to reach target audiences.
Asher_Stone;Operations Manager;Process improvement, Team leadership;Streamline business operations for optimal efficiency;Asher is a natural leader with a talent for motivating teams and optimizing workflows.
Serenity_Rose;Human Resources Manager;Employee relations, Recruitment;Develop a strong company culture and attract top talent;Serenity is a people person who values employee well-being and fosters a positive work environment.
Kaiya_Cruz;Creative Content Producer;Video production, Storytelling;Create engaging multimedia content for marketing campaigns;Kaiya is a visual storyteller who brings ideas to life through compelling videos and visuals.
Ashton_Knight;Sales Manager;Negotiation, Sales strategy;Increase sales revenue by 20% through strategic planning;Ashton is a results-oriented sales professional with a competitive spirit and a drive to succeed.
Ember_Wolf;Social Media Manager;Content curation, Engagement strategies;Grow social media following and increase brand awareness;Ember is a social media guru who knows how to create buzz and connect with audiences online.
Ryker_Blaze;Risk Management Analyst;Compliance, Risk assessment;Mitigate financial risks and ensure regulatory compliance;Ryker is a detail-oriented professional who specializes in analyzing and managing risks to protect the company.
Harlow_Storm;Event Coordinator;Event planning, Vendor management;Organize successful corporate events and conferences;Harlow is a logistical wizard who thrives in fast-paced environments and ensures events run smoothly.
Nico_Rivera;Data Analyst;Statistical analysis, Data visualization;Provide valuable insights to drive data-based decision-making;Nico is a numbers whiz who enjoys uncovering trends and patterns in complex datasets.
Winter_Knight;Customer Experience Manager;Customer satisfaction, Loyalty programs;Enhance customer service and loyalty to increase retention rates;Winter is a customer-centric professional who goes above and beyond to ensure customer satisfaction.
Everly_Moon;Brand Strategist;Market research, Brand positioning;Develop a strong brand identity and differentiation strategy;Everly is a strategic thinker who understands the importance of brand positioning in the competitive market.
Sawyer_Hart;Facilities Manager;Maintenance, Budgeting;Optimize facility operations and improve workplace efficiency;Sawyer is a hands-on manager who ensures the workplace is safe, functional, and comfortable for all employees.
Briar_Steele;Legal Analyst;Contract review, Regulatory compliance;Support legal team in reviewing contracts and ensuring compliance;Briar is a detail-oriented professional with a keen eye for legal matters and a passion for upholding policies.
Nova_Frost;Product Marketing Manager;Product launches, Market research;Drive successful product launches and increase market share;Nova has a keen understanding of consumer behavior and market trends, allowing her to position products effectively.
River_Wilder;Business Analyst;Data analysis, Process optimization;Identify opportunities for growth and efficiency within the company;River is a numbers-oriented problem-solver with a passion for driving business success through strategic analysis.
Zara_Kai;Graphic Designer;Visual communication, Branding;Create compelling visual assets that align with brand guidelines;Zara is a creative artist with an eye for design and a talent for bringing concepts to life through graphics.
Luna_Silver;Public Relations Manager;Media relations, Crisis management;Protect and enhance company reputation through effective PR strategies;Luna is a seasoned PR professional who thrives under pressure and excels at managing public perceptions.
Eli_Summers;Financial Analyst;Financial modeling, Forecasting;Analyze financial data to support decision-making and drive profitability;Eli is a numbers whiz with a keen understanding of financial markets and trends.
Aria_Stark;Content Marketing Specialist;Content creation, SEO optimization;Develop and execute content strategies to drive engagement and conversions;Aria is a creative storyteller with a passion for creating compelling content that resonates with audiences.
Jett_Harper;Supply Chain Analyst;Inventory management, Demand forecasting;Optimize supply chain processes to ensure efficient operations;Jett is a logistics expert who uses data and analytics to streamline the movement of goods and reduce costs.
Piper_Blaze;Social Media Coordinator;Community management, Content scheduling;Engage with followers and create a consistent social media presence;Piper is a social media enthusiast who knows how to build relationships and drive engagement online.
Phoenix_Stone;Brand Manager;Brand strategy, Market positioning;Develop and maintain brand identity to increase brand loyalty and awareness;Phoenix is a strategic thinker with a talent for crafting brand narratives that resonate with consumers.
Sage_Winters;HR Specialist;Employee relations, Recruitment;Promote a positive workplace culture and support employee development;Sage is a compassionate HR professional who prioritizes the well-being of employees and fosters a collaborative work environment.
Lola_Rain;Event Planner;Event coordination, Vendor management;Create memorable and successful events that align with company goals;Lola is an event planning expert who thrives on creating unique experiences and managing all the details for a seamless event.
Olive_Cypress;Environmental Compliance Specialist;Regulatory compliance, Sustainability initiatives;Ensure the company's operations are in line with environmental regulations and promote sustainable practices;Olive is a passionate environmentalist who advocates for responsible business practices and environmental stewardship.
Finn_Hawthorne;Digital Marketing Manager;Campaign optimization, Data analytics;Drive digital marketing strategies to increase brand visibility and conversion rates;Finn is a results-driven marketer who leverages data insights to enhance campaign performance and ROI.
Athena_Rayne;Communications Manager;Internal communications, PR strategies;Manage communication efforts to enhance transparency and engage employees;Athena is a skilled communicator who excels at crafting messages that resonate with internal and external stakeholders.
Ezra_Nova;IT Specialist;Network security, System maintenance;Ensure the company's IT infrastructure is secure, efficient, and up-to-date;Ezra is a tech-savvy professional who stays abreast of the latest technology trends to keep the company's systems running smoothly.
Maxwell_Frost;Data Scientist;Machine learning, Data visualization;Extract insights from data to drive informed decision-making;Maxwell is a tech-savvy data enthusiast with a knack for uncovering actionable insights from complex datasets.
Aurora_Sky;Digital Content Creator;Video editing, Social media engagement;Create engaging digital content that resonates with target audiences;Aurora is a creative storyteller who uses multimedia to captivate and inspire online followers.
Kai_Luna;E-commerce Manager;Online merchandising, Customer acquisition;Maximize e-commerce sales and optimize user experience;Kai is an e-commerce expert who understands online retail trends and consumer behavior.
Harper_Black;Project Manager;Project planning, Stakeholder management;Lead cross-functional teams to successfully deliver projects on time and within budget;Harper is a strategic thinker with strong organizational skills and a passion for driving project success.
Milo_Sage;Market Research Analyst;Consumer insights, Competitive analysis;Collect and analyze market data to help guide business decisions;Milo is a research guru who thrives on uncovering trends and insights that inform strategic marketing initiatives.
Willow_Asher;Public Relations Specialist;Media relations, Crisis communication;Manage the company's reputation and build positive relationships with the media;Willow is a PR pro who knows how to navigate the media landscape and effectively communicate key messages.
Eliana_Rivera;Customer Success Manager;Customer retention, Relationship management;Ensure customer satisfaction and loyalty through personalized support;Eliana is a customer-centric professional who puts the customer first and builds long-lasting relationships.
Seth_Nova;Digital Advertising Specialist;PPC campaigns, Ad performance analysis;Optimize digital ad campaigns to maximize ROI and reach target audiences;Seth is an advertising expert who combines creativity with data-driven insights to drive successful campaigns.
Zoe_Hunter;Account Manager;Client relations, Sales strategies;Build and maintain relationships with key clients to drive revenue growth;Zoe is a sales guru who excels at building trust and delivering value to clients at every touchpoint.
Caleb_Stone;Business Development Manager;Partnership building, Market expansion;Identify and pursue new business opportunities to drive revenue growth;Caleb is a strategic thinker with a talent for forging strong partnerships and driving business growth.
Luna_Faye;Creative Director;Art direction, Brand storytelling;Lead creative teams to develop compelling visual assets and brand narratives;Luna is a visionary leader who inspires creativity and ensures brand consistency across all creative outputs.
Kai_Ryder;Product Manager;Product development, Market research;Lead product strategy and development to meet customer needs and drive growth;Kai is a product visionary who combines market insights with a passion for innovation to create successful products.
Nova_Wolf;IT Project Manager;Technical project management, Systems integration;Oversee IT projects from planning to execution to ensure successful implementation;Nova is a tech-savvy professional who thrives on managing complex IT projects and delivering results.
Archer_Grey;Finance Manager;Budgeting, Financial analysis;Manage financial operations and provide strategic guidance for business decisions;Archer is a numbers-oriented professional with a talent for financial planning and analysis.  
Aria_Luna;Social Media Manager;Content creation, Community engagement;Grow social media presence and drive brand awareness;Aria is a social media maven with a creative flair and a knack for fostering online communities.
Finnley_James;Copywriter;Storytelling, Brand voice development;Craft compelling copy that resonates with target audiences and reinforces brand messaging;Finnley is a wordsmith who brings brands to life through captivating storytelling.
Zara_Knight;Marketing Coordinator;Campaign execution, Market research;Support marketing initiatives and help drive lead generation and customer engagement;Zara is a detail-oriented marketer with a passion for data-driven strategies.
Kai_Blaze;Business Analyst;Data interpretation, Market analysis;Analyze business performance and market trends to drive strategic decision-making;Kai is a sharp analyst with a strategic mindset and a keen eye for identifying business opportunities.
Luna_Wilde;Content Strategist;Content planning, SEO optimization;Develop content strategies to enhance brand visibility and drive organic traffic;Luna is a strategic thinker who understands the power of content in engaging audiences and achieving business goals.
Phoenix_Starr;Event Coordinator;Event planning, Vendor management;Organize and execute successful events that align with company objectives and brand image;Phoenix is a seasoned event planner with a flair for creativity and a meticulous attention to detail.
Eli_Harper;Sales Manager;Sales strategies, Customer relationship management;Lead sales teams to drive revenue growth and exceed sales targets;Eli is a dynamic sales leader with a proven track record of building strong customer relationships and closing deals.
Sage_Wolfe;HR Manager;Talent acquisition, Employee development;Manage HR functions to attract top talent and foster a positive work culture;Sage is a people-oriented professional who is dedicated to supporting employees and driving organizational success.
Aurora_Moon;Digital Strategist;Digital marketing, Analytics;Develop digital strategies to optimize online presence and drive business growth;Aurora is a data-driven marketer with a strategic mindset and a passion for staying ahead of digital trends.
Harper_Rayne;Communications Specialist;Content creation, Media relations;Craft compelling communications to enhance brand reputation and engage stakeholders;Harper is a skilled communicator who excels at conveying key messages and building strong relationships with the media.
Milo_Stone;Market Analyst;Market research, Data interpretation;Analyze market trends and consumer behavior to inform marketing strategies and business decisions;Milo is a research enthusiast with a deep understanding of market dynamics and competitor analysis.
Willow_Harlow;Customer Experience Manager;Customer feedback analysis, Service optimization;Enhance the customer experience through personalized support and proactive service improvements;Willow is a customer advocate who is dedicated to delivering exceptional experiences and driving customer loyalty.
Zoe_Nova;Product Marketing Manager;Product launch, Market positioning;Drive successful product launches and create compelling marketing campaigns to drive sales;Zoe is a strategic marketer who combines product knowledge with market insights to position products for success.
Caleb_Wolfe;Business Strategist;Strategic planning, Competitive analysis;Develop business strategies to drive growth and competitive advantage in the market;Caleb is a strategic thinker with a forward-thinking approach to business planning and innovation.
Ryder_Blaze;Day Trader;Technical analysis, Risk management;Generate profits through strategic trading in the financial markets;Ryder is a skilled day trader who thrives on market volatility and capitalizes on trading opportunities.
Ava_Finley;Investment Analyst;Stock evaluation, Portfolio management;Recommend investment opportunities and strategies to maximize returns for clients;Ava is an investment expert who excels at analyzing market trends and identifying profitable investments.
Jaxon_Silver;Forex Trader;Currency trading, Economic analysis;Leverage exchange rate fluctuations to profit from the foreign exchange market;Jaxon is a forex enthusiast with a deep understanding of global economics and a talent for predicting currency movements.
Sienna_Cooper;Cryptocurrency Trader;Blockchain technology, Market sentiment analysis;Trade cryptocurrencies to capitalize on the decentralized digital asset market;Sienna is a crypto expert who thrives on the volatility of digital currencies and understands the nuances of the blockchain landscape.
Mason_Stone;Commodities Trader;Futures trading, Supply and demand analysis;Speculate on the price movements of raw materials and agricultural products;Mason is a commodities trader with a keen eye for identifying trends and opportunities in the commodities market.
Blake_Harper;Derivatives Trader;Options trading, Hedging strategies;Utilize derivative instruments to manage risk and generate profits in the financial markets;Blake is a derivatives expert who excels at leveraging complex financial instruments to maximize returns and protect against market volatility.
Ivy_Nova;Quantitative Analyst;Algorithmic trading, Data modeling;Develop mathematical models and algorithms to optimize trading strategies and predict market movements;Ivy is a quant whiz who harnesses the power of data and technology to gain a competitive edge in the financial markets.
Felix_Ryder;Hedge Fund Manager;Fund management, Portfolio diversification;Oversee investment funds and implement strategies to achieve consistent returns for investors;Felix is a finance guru who navigates the complexities of the financial markets to deliver strong performance and value for clients.
Stella_Wolfe;Private Equity Investor;Deal sourcing, Due diligence;Invest in private companies and assets to generate high returns and drive value creation;Stella is a savvy investor who specializes in identifying unique investment opportunities and building a diversified portfolio for long-term growth.
Carter_Knight;Venture Capitalist;Startup investing, Growth strategy;Invest in early-stage companies with high growth potential to generate significant returns;Carter is a visionary investor who partners with entrepreneurs to fuel innovation and drive success in the startup ecosystem.
Violet_Code;Software Engineer;Programming, Software development;Design and develop innovative software solutions to meet user needs and business requirements;Violet is a coding genius with a passion for creating elegant and efficient code that powers cutting-edge technology.
Ethan_Script;Full Stack Developer;Front-end development, Back-end programming;Build responsive web applications and dynamic websites using a variety of programming languages and frameworks;Ethan is a versatile developer who balances design and functionality to deliver seamless user experiences.
Maya_Coder;Data Scientist;Machine learning, Data analysis;Utilize data science techniques to extract insights and drive informed decision-making for businesses;Maya is a data aficionado who thrives on analyzing complex datasets and building predictive models to solve real-world problems.
Oscar_Bug;Quality Assurance Engineer;Testing, Bug tracking;Ensure software quality and identify defects through comprehensive testing procedures;Oscar is a detail-oriented QA specialist who hunts down bugs and ensures that software performs flawlessly before deployment.
Luna_Algorithm;Algorithm Engineer;Algorithm design, Optimization;Craft efficient algorithms and data structures to solve complex computational problems;Luna is a problem-solving prodigy who specializes in algorithmic thinking and optimization techniques to streamline processes.
Leo_Code;Mobile App Developer;iOS development, Android programming;Create engaging mobile applications that cater to diverse user needs and preferences;Leo is a mobile maestro who leverages his expertise in app development to bring ideas to life on the small screen.
Hazel_Security;Cybersecurity Analyst;Security monitoring, Threat detection;Protect systems and networks from cyber threats and ensure data integrity and confidentiality;Hazel is a cybersecurity expert who keeps a watchful eye on digital vulnerabilities and defends against cyber attacks with cutting-edge security measures.
Aiden_Software;DevOps Engineer;Automation, Continuous integration;Facilitate collaboration between software development and IT operations teams to streamline deployment processes;Aiden is a DevOps virtuoso who automates workflows and enhances efficiency through continuous integration and delivery practices.
Nova_GUI;UI/UX Designer;User interface design, User experience optimization;Create visually appealing and intuitive interfaces that enhance user satisfaction and engagement;Nova is a design virtuoso who combines creativity and usability to craft stunning user experiences across digital platforms.
Max_Compiler;Systems Architect;System design, Network architecture;Architect scalable and reliable systems that support the development and deployment of software applications;Max is a systems wizard who engineers robust infrastructures and oversees the seamless integration of software components for optimal performance.
Stella_Byte;Cybersecurity Engineer;Incident response, Risk assessment;Protect sensitive data and mitigate cyber threats through proactive security measures;Stella is a cybersecurity maven who thrives on the adrenaline of defending digital assets from malicious actors.
Eli_Code;Blockchain Developer;Smart contract development, Decentralized applications;Build secure and transparent blockchain solutions that revolutionize industries and transactions;Eli is a blockchain aficionado who harnesses the power of distributed ledger technology to drive innovation and trust in the digital realm.
Nora_Coder;Game Developer;Unity programming, Game design;Design and develop captivating video games that entertain and engage players worldwide;Nora is a game guru who combines technical prowess with creative vision to bring virtual worlds to life through interactive experiences.
Asher_API;Integration Specialist;API development, System integration;Build seamless connections between different systems and applications to ensure smooth data flow and communication;Asher is an integration expert who orchestrates the interoperability of diverse technologies to optimize business operations.
Jade_Script;Front-end Developer;HTML, CSS, JavaScript;Craft responsive and visually appealing web interfaces that enhance user interaction and experience;Jade is a front-end artist who transforms design concepts into functional and engaging web applications with a focus on user-centric design.
Finn_Data;Big Data Analyst;Data mining, Hadoop;Analyze and interpret large datasets to extract valuable insights and drive strategic decision-making for organizations;Finn is a data virtuoso who delves into the depths of big data to discover hidden patterns and trends that propel businesses forward.
Luna_Code;AI Engineer;Machine learning, Natural language processing;Develop intelligent systems and algorithms that mimic human cognition to automate tasks and improve decision-making processes;Luna is an AI prodigy who pushes the boundaries of artificial intelligence to create innovative solutions that revolutionize industries.
Caleb_Crypt;Cryptocurrency Developer;Blockchain implementation, Crypto token creation;Design and launch decentralized digital currencies and blockchain applications to disrupt traditional financial systems;Caleb is a crypto pioneer who pioneers the future of finance through blockchain technology and digital assets.
Nina_Code;Software Architect;System design, Scalability planning;Architect robust software systems and infrastructures that meet scalability, reliability, and performance requirements;Nina is a master architect who designs software solutions with a keen eye for efficiency and long-term viability in complex environments.
Rory_Code;Cloud Engineer;Cloud computing, Infrastructure management;Design and manage cloud-based solutions for businesses to enhance scalability, agility, and cost-efficiency;Rory is a cloud maestro who leverages the power of cloud technology to optimize operations and drive innovation in the digital realm.
Aria_Innovate;Creative Business Strategist;Innovation, Business planning;Develop creative strategies and innovative solutions to drive growth and market expansion for businesses;Aria is a visionary thinker who combines creativity and strategic acumen to help businesses thrive in dynamic and competitive markets.
Phoenix_Vision;Brand Consultant;Brand development, Marketing strategy;Craft compelling brand identities and strategic marketing campaigns to enhance brand visibility and customer engagement;Phoenix is a brand visionary who ignites the fire of passion and purpose in businesses to create lasting connections with their target audience.
Harper_Future;Trend Analyst;Market research, Trend forecasting;Identify emerging trends and consumer insights to inform strategic business decisions and drive product innovation;Harper is a trend guru who navigates the ever-changing landscape of consumer preferences and market dynamics to guide businesses towards future success.
Orion_Strategy;Business Architect;Strategic planning, Organizational design;Design customized business strategies and operational frameworks to optimize performance and achieve long-term goals;Orion is a strategic architect who builds solid foundations for businesses to navigate challenges and seize opportunities with precision and foresight.
Nova_Creative;Innovation Director;Creative thinking, Idea generation;Foster a culture of innovation and creativity within organizations to spark new ideas and bring bold visions to life;Nova is an innovation catalyst who inspires teams to think outside the box and push the boundaries of what's possible in the business world.
Zara_Collab;Partnership Manager;Strategic partnerships, Collaboration;Forge strategic alliances and collaborative relationships with partners to drive business growth and mutual success;Zara is a collaboration connoisseur who thrives on creating synergies and win-win opportunities that benefit all stakeholders involved.
Kai_Disrupt;Disruption Specialist;Disruptive innovation, Industry transformation;Identify disruptive trends and technologies to revolutionize industries and challenge traditional business models for sustained growth;Kai is a disruptor extraordinaire who leads businesses on a path of radical change and transformation to stay ahead of the curve in a fast-evolving marketplace.
Luna_Market;Market Expansion Consultant;Market penetration, Growth strategy;Create tailored market expansion plans and growth strategies to enter new markets and capitalize on business opportunities;Luna is a market strategist who unlocks new avenues for businesses to expand their reach, capture untapped markets, and drive revenue growth.
Eli_Venture;Venture Capitalist;Investment strategy, Startup funding;Provide strategic investment guidance and funding support to startups and entrepreneurs to fuel innovation and business growth;Eli is a venture visionary who partners with bold entrepreneurs to turn their ideas into successful ventures that disrupt industries and create value.
Sage_Strategize;Business Transformation Coach;Change management, Transformation strategy;Guide businesses through strategic transformations and organizational change initiatives to drive innovation, growth, and resilience;Sage is a transformational leader who empowers businesses to navigate change with confidence, agility, and a clear vision for the future.
Violet_Visionary;Business Futurist;Future trends analysis, Scenario planning;Anticipate future business trends and opportunities to help organizations adapt and thrive in a rapidly changing world;Violet is a visionary strategist who envisions the possibilities of tomorrow and guides businesses towards success in an uncertain and evolving landscape.
Asher_Strategy;Strategic Growth Advisor;Business strategy, Growth planning;Develop and implement strategic growth initiatives to drive revenue, profitability, and market expansion for businesses;Asher is a growth strategist who crafts tailored strategies that propel businesses towards sustainable growth and competitive advantage in dynamic markets.
Ivy_Innovate;Innovation Consultant;Design thinking, Ideation workshops;Facilitate creative problem-solving sessions and innovation workshops to generate fresh ideas and drive innovation within organizations;Ivy is an innovation expert who ignites the spark of creativity and fosters a culture of innovation that fuels business success and competitive edge.
Cruz_Collaborate;Collaboration Facilitator;Partnership development, Cross-sector collaboration;Broker strategic partnerships and collaborative initiatives to promote innovation, sustainability, and mutual growth for businesses and stakeholders;Cruz is a collaboration catalyst who orchestrates meaningful connections and synergies that drive collective impact and business success.
Siena_Strategist;Business Transformation Specialist;Transformation strategy, Change management;Lead organizations through strategic transformations and change initiatives to adapt to market disruptions and drive business reinvention;Siena is a transformational strategist who navigates businesses through complex change processes with a focus on resilience, agility, and sustained success.
Owen_Opportunity;Opportunity Analyst;Market research, Business insights;Analyze market trends and business opportunities to provide actionable insights and strategic recommendations for business growth and competitive advantage;Owen is an opportunity seeker who uncovers hidden potentials and untapped opportunities that businesses can leverage to drive innovation, achieve market success, and outperform competitors.
Lila_Lead;Leadership Coach;Executive coaching, Team development;Empower leaders and teams with the skills, mindset, and strategies to drive organizational success, foster a culture of excellence, and achieve peak performance;Lila is a leadership luminary who inspires and guides individuals and teams towards personal growth, professional fulfillment, and organizational resilience.
Kian_Strategy;Business Transformation Specialist;Strategic planning, Transformational leadership;Design and implement strategic initiatives and transformational programs to drive business growth, innovation, and organizational change;Kian is a strategic architect who reimagines business landscapes, shapes future visions, and guides organizations towards sustainable success in a rapidly evolving world.
Zara_Stratagem;Business Strategist;Strategic planning, Competitive analysis;Formulate business strategies that optimize operations, maximize resources, and outmaneuver competitors to achieve market dominance;Zara is a strategic maven who develops tactical plans and competitive strategies that position businesses for long-term success, growth, and profitability.
Ella_Solutioneer;Problem Solving Expert;Critical thinking, Analytical problem-solving;Diagnose complex business challenges, devise innovative solutions, and implement strategic interventions to drive organizational success;Ella is a solution-oriented thinker who thrives on unraveling problems, crafting solutions, and delivering impactful results for businesses.
Finn_Strategist;Strategic Problem Solver;Strategic planning, Decision-making;Analyze and resolve strategic business issues, align organizational priorities, and guide effective decision-making to drive sustainable growth and competitive advantage;Finn is a strategic problem-solver who combines analytical acumen with creative thinking to tackle challenges, seize opportunities, and propel businesses towards success.
Aria_Analytica;Data Scientist;Data analysis, Predictive modeling;Harness data-driven insights and predictive analytics to identify root causes of business problems, optimize processes, and drive informed decision-making;Aria is a data virtuoso who leverages the power of analytics and technology to generate actionable solutions that enhance business performance and drive growth.
Hugo_Helix;Problem Resolution Specialist;Conflict resolution, Mediation;Facilitate constructive dialogues, navigate challenging situations, and mediate conflicts to foster harmonious relationships and sustainable solutions within organizations;Hugo is a resolution expert who brings clarity, empathy, and strategic thinking to resolve disputes, promote collaboration, and achieve win-win outcomes for all parties involved.
Nina_Navigator;Strategic Navigator;Navigational planning, Course correction;Guide businesses through turbulent waters, plot strategic pathways, and steer towards success by providing clarity, direction, and adaptive strategies to overcome obstacles;Nina is a strategic navigator who charts the course, avoids pitfalls, and guides businesses towards their destination with resilience, agility, and determination.
Oscar_Resolve;Problem Resolution Specialist;Issue diagnosis, Solution implementation;Identify root causes of business challenges, develop actionable solutions, and drive effective problem resolution to enhance organizational performance and achieve objectives;Oscar is a resolution maestro who excels at unraveling complexities, building consensus, and driving sustainable change in organizations through strategic problem-solving.
Luna_Logician;Logical Thinker;Logical reasoning, Rational decision-making;Apply structured thinking, deductive reasoning, and logical analysis to solve complex business problems, optimize processes, and achieve strategic goals with precision;Luna is a logician extraordinaire who dissects problems, elucidates solutions, and navigates uncertainties with a clear and analytical mind to drive business success.
Milo_Methodologist;Problem-solving Expert;Methodical approach, Systemic thinking;Utilize systematic methodologies, analytical frameworks, and structured problem-solving techniques to address business challenges, optimize operations, and drive continuous improvement;Milo is a methodological mastermind who follows a disciplined approach to problem-solving, embraces complexity, and delivers sustainable solutions that transform organizations.
Zara_Zenith;Problem Resolution Specialist;Strategic thinking, Solution-oriented approach;Leverage strategic foresight, innovative thinking, and a solution-oriented mindset to tackle complex business problems, drive change, and achieve sustainable outcomes;Zara is a problem-solving virtuoso who envisions possibilities, navigates uncertainties, and transforms challenges into opportunities for growth, innovation, and success.
Eli_Resolve;Resolution Expert;Conflict resolution, Decision-making;Facilitate effective communication, resolve conflicts, and guide decision-making processes to achieve consensus, alignment, and sustainable outcomes for businesses and stakeholders;Eli is a resolution specialist who brings empathy, clarity, and strategic thinking to resolve disputes, overcome obstacles, and drive positive change within organizations.
Luna_Psych;Organizational Psychologist;Employee behavior, Work motivation;Analyze human behavior in the workplace, enhance work motivation, and improve organizational effectiveness through psychological interventions and insights;Luna is an organizational psychologist who applies psychological principles to optimize human performance, enhance teamwork, and foster a positive work environment for business success.
Oliver_Opsyche;Psychological Strategist;Consumer behavior, Market psychology;Leverage psychological insights to understand consumer behavior, influence purchasing decisions, and drive marketing strategies that resonate with target audiences;Oliver is a psychological strategist who decodes market psychology, shapes consumer perceptions, and designs impactful campaigns that drive brand engagement and market success.
Maya_Mindset;Workplace Psychologist;Leadership development, Team dynamics;Enhance leadership effectiveness, improve team dynamics, and foster a positive organizational culture by applying psychological principles that promote employee well-being and professional growth;Maya is a workplace psychologist who empowers individuals, teams, and organizations to achieve peak performance, resilience, and success in a rapidly changing business landscape.
Leo_PsychInsight;Psychological Consultant;Behavioral economics, Decision-making;Provide psychological insights, behavioral analysis, and decision-making support to businesses, marketers, and market analysts to shape strategies and drive business outcomes;Leo is a psychological consultant who blends behavioral economics with psychological expertise to deliver actionable insights that optimize business performance and market impact.
Luna_Insight;Psychological Analyst;Market research, Consumer insights;Analyze consumer behavior, interpret market trends, and provide psychological insights that inform marketing strategies, consumer engagement, and brand positioning for businesses;Luna is a psychological analyst who delves into the psyche of consumers, deciphers market dynamics, and uncovers hidden motivations that influence buying behavior and market trends.
Jasper_Psyche;Business Psychologist;Strategic HR, Organizational development;Apply psychological theories and techniques to enhance employee engagement, talent management, and leadership development strategies that drive organizational effectiveness and business growth;Jasper is a business psychologist who fosters psychological well-being, interpersonal dynamics, and organizational resilience to create a thriving workplace culture that fuels business success and innovation.
Ava_PsychInsight;Psychological Researcher;Market psychology, Consumer behavior;Conduct psychological research, analyze market psychology, and deliver actionable insights that drive strategic decision-making, consumer engagement, and competitive advantage for businesses;Ava is a psychological researcher who investigates consumer motivations, emotional triggers, and cognitive biases to develop data-driven strategies that resonate with target audiences and drive business growth.
Alex_PsychStrat;Psychological Strategist;Brand psychology, Marketing tactics;Design psychological strategies, craft persuasive messaging, and implement marketing tactics that leverage insights from behavioral psychology to influence consumer perceptions and drive brand success;Alex is a psychological strategist who creates emotional connections, builds brand loyalty, and shapes consumer behavior through innovative marketing campaigns that resonate with target audiences.
Nova_PsycheMark;Market Psychology Analyst;Market trends, Consumer insights;Analyze market psychology, decode consumer behavior, and provide psychological perspectives that inform marketing strategies, customer engagement, and competitive positioning for businesses;Nova is a market psychology analyst who uncovers underlying motivations, cognitive biases, and emotional triggers that shape market dynamics and drive consumer decision-making in today's competitive business landscape.
Jonah_PsychInsight;Psychological Consultant;Behavioral insights, Decision-making strategies;Offer psychological consultancy services, behavioral analysis, and decision-making strategies that help businesses, marketers, and market analysts leverage psychological principles to drive impactful results and business success;Jonah is a psychological consultant who combines behavioral insights with strategic expertise to guide organizations towards effective decision-making, consumer engagement, and market positioning that align with human psychology and drive business growth.
